Ticker,Market Cap,Actual,Predicted,Ratio
VZ UN Equity,174000000000.0,41.41500092,64.96838480214114,1.5687162467444695
BA UN Equity,127000000000.0,212.9499969,222.32419393295615,1.0440206488350325
PEP UW Equity,235000000000.0,170.5599976,148.14934094424194,0.8686054352069359
CAT UN Equity,131000000000.0,252.3099976,306.0713117391858,1.2130764323672039
KO UN Equity,265000000000.0,61.16999817,67.00681393426737,1.0954195837646756
DIS UN Equity,197000000000.0,108.1600037,98.65950750353356,0.9121625751528479
HPQ UN Equity,28501871450.0,29.02000046,63.67958363283847,2.1943343426410986
HD UN Equity,330000000000.0,323.3699951,312.30822802100425,0.9657922279536945
IBM UN Equity,122000000000.0,134.4799957,166.92933796188672,1.2412949382767324
GO UW Equity,2948525741.0,30.28000069,65.84616662521412,2.1745761269734674
EVRG UW Equity,14367635000.0,62.61000061,71.66250307619742,1.1445855674492929
RPD UQ Equity,2358774316.0,39.81999969,49.090368400208455,1.2328068503862022
MRK UN Equity,271000000000.0,107.0400009,188.9507808776615,1.765235232520084
PG UN Equity,336000000000.0,142.2200012,130.3534946778509,0.9165623230064415
T UN Equity,145000000000.0,20.29000092,73.81228025447159,3.6378648056991603
RTX UN Equity,147000000000.0,99.70999908,106.27531547340025,1.0658441124659195
WMT UN Equity,387000000000.0,143.4600067,101.64350624129132,0.708514578936593
CSCO UW Equity,199000000000.0,48.47000122,82.66764255181087,1.705542407077556
INTC UW Equity,116000000000.0,28.05999947,71.03216858742522,2.531438700252592
MSFT UW Equity,1840000000000.0,246.8899994,248.21196147579622,1.0053544577707032
SAM UN Equity,4767070533.0,386.8399963,307.95226327603416,0.7960714151108944
MO UN Equity,80522316274.0,44.93000031,101.20088409562871,2.252412272365478
APD UN Equity,71153719454.0,320.5299988,248.75003138524352,0.7760585040917035
DNB UN Equity,6370392711.0,14.61999989,42.72857822594243,2.922611391753056
ADM UN Equity,45457407284.0,82.76999664,91.12373676747488,1.1009271531544051
ADP UW Equity,93422337012.0,225.4400024,199.990973637713,0.8871139616245542
AZO UN Equity,45456837139.0,2422.340088,2820.9691174604454,1.1645636099717
AVY UN Equity,15337959729.0,189.2899933,192.70776011243808,1.0180557183866628
VRSK UW Equity,28343752917.0,181.2400055,118.03202299681898,0.6512470724727438
BALL UN Equity,18229422919.0,58.06999969,58.47444857714364,1.0069648508576328
BAX UN Equity,22982865480.0,45.59000015,71.6000942270829,1.5705219125138103
BDX UN Equity,71504764271.0,251.5399933,187.53236329818543,0.7455369654658627
BBY UN Equity,19563096903.0,88.41999817,139.37542829779517,1.5762885227595924
BSX UN Equity,66208586825.0,46.22499847,48.36707103302886,1.0463401326972257
BMY UN Equity,154000000000.0,72.51000214,131.97399996891832,1.8200799348220558
BF/B UN Equity,31754261178.0,66.29000092,55.39410287698178,0.8356328572665493
CTRA UN Equity,19723510304.0,25.01499939,49.9950927112666,1.9986045944599402
CPB UN Equity,15524398563.0,51.84000015,62.99966854503946,1.2152713804542583
CCL UN Equity,13372383517.0,10.77999973,38.20332251218291,3.5439075574246703
LUMN UN Equity,5395349684.0,5.215000153,10.984704159872589,2.106366987075444
CLX UN Equity,17783451394.0,144.1300049,137.8574930988697,0.9564801804767697
CMS UN Equity,18297461256.0,63.04000092,65.67315873720906,1.0417696348156884
CL UN Equity,62181695386.0,74.44999695,77.67327967778458,1.0432945985202566
CAG UN Equity,17708908443.0,37.15499878,51.045701829291936,1.3738582561000945
GLW UN Equity,29231242316.0,34.55500031,64.92871713921888,1.8789962829324276
CMI UN Equity,35171001162.0,249.3999939,289.9171355023092,1.1624584707029104
DHR UN Equity,192000000000.0,263.2999878,175.4263037538019,0.6662602046417638
TGT UN Equity,78998415055.0,171.6199951,205.87349204981058,1.1995891966425687
DE UN Equity,125000000000.0,422.1700134,405.95053626569404,0.9615806982507347
D UN Equity,52825482002.0,63.38000107,76.75609767202985,1.2110460141402748
DOV UN Equity,21364678440.0,152.1300049,161.51622313716024,1.0616986651865956
DUK UN Equity,78848001175.0,102.4000015,83.20835693777192,0.8125815988173781
ETN UN Equity,64491033456.0,162.1300049,153.59990157840696,0.9473872629137691
ECL UN Equity,43906243711.0,154.1499939,112.10465286112809,0.7272439656004949
EMR UN Equity,52579057709.0,90.29000092,102.3974015133451,1.134094589323049
EOG UN Equity,77576535039.0,132.0700073,166.53374252912266,1.2609505059754977
ETR UN Equity,21926381224.0,107.7600021,60.421452450537515,0.5607038908041885
EFX UN Equity,27145707836.0,221.6999969,167.1393792464122,0.7538988794925517
EQT UN Equity,11965699203.0,32.59500122,63.250456995639894,1.9404956167582526
FDX UN Equity,48793416953.0,193.3200073,360.57423404323265,1.865167703432177
M UN Equity,6390109239.0,23.56999969,63.63771208702435,2.6999453934665856
FMC UN Equity,16763545263.0,133.0599976,147.9718507109552,1.1120686410635798
NEE UN Equity,148000000000.0,74.41999817,72.65683607447154,0.9763079529846157
BEN UN Equity,15693723757.0,31.36499977,73.87167529379347,2.3552263936073823
HASI UN Equity,3272630372.0,36.77999878,68.37696901909399,1.859080241630557
GPS UN Equity,4961009470.0,13.59000015,23.270932424903815,1.7123570395916305
GD UN Equity,63865577967.0,232.6199951,259.31126799833163,1.1147419545205364
GIS UN Equity,46001426161.0,78.01999664,84.74713052301261,1.0862232013935218
GPC UN Equity,23602177122.0,167.1999969,144.99141269931778,0.8671735370069124
GWW UN Equity,29775379795.0,589.2700195,527.776988878152,0.8956454111240458
HAL UN Equity,37338882500.0,41.11999893,82.86525416879655,2.0152056499286624
HOG UN Equity,6699613629.0,45.84000015,77.71418767609138,1.695335676740642
LHX UN Equity,40706212265.0,213.8600006,219.5771752672572,1.0267332584457927
PEAK UN Equity,14717848692.0,27.37999916,35.418779237505504,1.2936004501143128
HP UN Equity,5054087012.0,48.36999893,91.4072468757268,1.8897508558561136
HSY UN Equity,45865693586.0,223.6600037,185.10497571786613,0.8276176904930728
HRL UN Equity,24643730316.0,45.09999847,47.026588021992254,1.0427181733337263
CNP UN Equity,18895561116.0,30.01000023,40.192140686986505,1.33929158210428
HUM UN Equity,64621866629.0,510.4400024,526.7988095791679,1.0320484427204992
ITW UN Equity,72492915268.0,235.9900055,183.06755090040997,0.7757428138218759
TT UN Equity,41252641735.0,179.1199951,135.26835083526777,0.7551828636426071
IPG UN Equity,14099562372.0,36.29499817,53.01258633641266,1.4606030860811767
IFF UN Equity,28530276500.0,111.8899994,78.87450433356912,0.7049289905847397
K UN Equity,23338511830.0,68.38500214,80.04573682443512,1.170515965775111
KMB UN Equity,43850345302.0,129.9499969,138.63390895005867,1.066825026988967
KIM UN Equity,13896814403.0,22.45999908,33.79733115084304,1.5047788305983778
KSS UN Equity,3550959806.0,32.13999939,25.776064050435657,0.801993296193266
KR UN Equity,31843336546.0,44.49000168,53.959264331710145,1.2128402403717362
LEN UN Equity,29058502127.0,102.3450012,166.87589592510042,1.6305231713173347
LLY UN Equity,326000000000.0,343.5299988,325.9032515287964,0.9486893507618653
BBWI UN Equity,10507072290.0,46.0,87.88748487823568,1.9105974973529496
LOW UN Equity,126000000000.0,207.75,280.6006323470672,1.3506648969774593
ORCL UN Equity,238000000000.0,88.29000092,121.63636692200183,1.3776913088064993
PANW UW Equity,47799605482.0,158.0899963,101.70891502360438,0.6433608539695082
MMC UN Equity,86568538477.0,174.5099945,151.1969659838436,0.8664086341704835
MAS UN Equity,11984617459.0,53.13000107,78.35244056104779,1.474730641503595
MAT UW Equity,7220931337.0,20.375,45.49310087773368,2.2327902271280333
SPGI UN Equity,122000000000.0,373.7399902,215.340530777837,0.5761773864835859
MDT UN Equity,111000000000.0,83.32499695,96.0070835097016,1.1522002643133802
CVS UN Equity,116000000000.0,88.01999664,147.5126984967809,1.675899842397232
MU UW Equity,65492417151.0,59.97999954,156.25317870112787,2.605088027667028
MSI UN Equity,42839132749.0,256.2099915,205.87960053832438,0.8035580475725685
LH UN Equity,22289988162.0,251.4900055,199.91619433638112,0.7949269949671266
THC UN Equity,5929475537.0,54.84000015,24.12706795857425,0.4399538273628953
NEM UN Equity,41949090722.0,52.84999847,56.02274064585511,1.0600329662763583
NKE UN Equity,197000000000.0,127.1999969,86.1592054072352,0.6773522602753712
NI UN Equity,11260074787.0,27.71999931,36.285520490364334,1.3090014932747247
NSC UN Equity,55965391826.0,245.3800049,274.3311677839829,1.1179850122498016
ES UN Equity,28603005959.0,82.12000275,76.44813840457645,0.9309320000549617
NOC UN Equity,68416388865.0,447.0100098,400.24116708900004,0.8953740594490823
HPE UN Equity,20662888714.0,16.11499977,45.18063568755133,2.803638618205908
NUE UN Equity,43237875161.0,168.5399933,86.00449193018157,0.5102912979063324
OXY UN Equity,58770392203.0,64.66999817,59.26357119946198,0.9163997661430888
OMC UN Equity,17533728391.0,85.98000336,102.86037579694036,1.196329050677771
OKE UN Equity,30569406523.0,68.38999939,102.1853756839313,1.4941566982799661
QGEN UN Equity,11240421489.0,48.81000137,46.58548117518647,0.9544249102156186
PCG UN Equity,31544800121.0,15.86999989,33.25813523912054,2.095660710122446
PH UN Equity,41725443856.0,324.8599854,345.85014673457124,1.0646129479711883
PPL UN Equity,21802384839.0,29.61000061,40.15067685847199,1.3559836552287052
COP UN Equity,152000000000.0,121.9599991,117.06813809128428,0.9598896273793452
PHM UN Equity,12951550962.0,56.84999847,170.14098826416853,2.992805502957976
PNW UN Equity,8413105564.0,74.36000061,71.57408958988734,0.9625348171428335
NFE UW Equity,8064788722.0,38.63000107,124.10564593100713,3.2126751875082755
PEG UN Equity,30850063585.0,61.81999969,86.55328069021722,1.4000854274384293
HOOD UW Equity,9217875814.0,10.39500046,15.046164872279538,1.4474424441035125
EIX UN Equity,26261520049.0,68.76000214,70.20119896544173,1.0209598135629396
SLB UN Equity,80844228824.0,56.93999863,82.41000983313113,1.4473131685274003
SHW UN Equity,61300375846.0,236.5500031,191.5409622258047,0.8097271600746163
SJM UN Equity,16201664160.0,151.9299927,124.10663334237266,0.8168672369216315
SNA UN Equity,13227532240.0,248.8500061,270.02378022304134,1.0850864922805454
SO UN Equity,73605170566.0,67.61000061,80.10634618694645,1.1848298397308128
LUV UN Equity,21211789437.0,35.72499847,87.92003830650727,2.4610228711510778
SWN UN Equity,6075200699.0,5.505000114,30.751244187303435,5.5860569574010785
SWK UN Equity,13172736761.0,89.04000092,241.5816952220942,2.713181634388669
PSA UN Equity,53564439403.0,304.9700012,292.0237276115911,0.9575490260108609
GH UW Equity,3222641783.0,31.45000076,-9.37745184074981,-0.29817016261178014
TXN UW Equity,160000000000.0,176.3200073,187.25995819470796,1.0620459984220292
TXT UN Equity,15175598809.0,72.69000244,99.81179175235046,1.3731158123806284
TMO UN Equity,222000000000.0,566.8599854,404.4705381553015,0.7135281173002364
KOD UQ Equity,420565596.2,8.039999962,0.7104558822863396,0.08836515990599698
TJX UN Equity,94381579243.0,81.68000031,74.32694718193574,0.9099773126817186
JCI UN Equity,47672057115.0,69.36499786,83.18315312968818,1.1992093375044497
UNP UN Equity,125000000000.0,203.7700043,247.6798095777462,1.215487090107237
MRO UN Equity,17458014776.0,27.48999977,59.287823067120364,2.1567051132470914
EVGO UW Equity,1783194277.0,6.724999905,16.877144561697317,2.509612609681861
VFC UN Equity,11917321857.0,30.67000008,47.88535314710373,1.5613091953765565
VMC UN Equity,24275438264.0,182.6499939,145.91511984427478,0.7988783176426637
DNUT UW Equity,2041895664.0,12.18500042,19.903472506451887,1.6334404448425852
WHR UN Equity,8382960297.0,155.2400055,181.2309609392577,1.1674243398507076
WMB UN Equity,39212269037.0,32.18999863,50.77003590491383,1.5771990700738292
WEC UN Equity,29609840291.0,93.87000275,90.50217567240011,0.9641224355072272
ADBE UW Equity,169000000000.0,369.3099976,328.2653920423876,0.8888613743891444
AES UN Equity,18288464361.0,27.37999916,27.586766776041138,1.0075517758358155
AAPL UW Equity,2280000000000.0,143.7299957,132.19215770163618,0.9197256081295228
ADSK UW Equity,46359803893.0,214.8699951,210.54780698932606,0.9798846362487121
CTAS UW Equity,44946736621.0,442.2999878,285.43238280765746,0.6453366282630891
ESTC UN Equity,5617769677.0,58.75999832,61.39084886194614,1.0447728151321387
CMCSA UW Equity,169000000000.0,39.14500046,71.8999496341644,1.8367594530401088
TAP UN Equity,11502437168.0,52.56000137,37.580800499722685,0.7150076012207434
KLAC UW Equity,53964179571.0,389.6900024,-284.07775704078824,-0.7289839495271286
MKC UN Equity,20102576376.0,75.0,56.736850801865096,0.756491344024868
JWN UN Equity,3113581854.0,19.45000076,61.48052351091987,3.1609522420872063
COST UW Equity,226000000000.0,509.7999878,232.5185070203691,0.4560975138971337
TSN UN Equity,23464450399.0,65.56999969,96.5237300700493,1.4720715346407118
AMAT UW Equity,93379344673.0,110.7600021,142.30221995526858,1.2847798596716404
CAH UN Equity,20298349754.0,77.43499756,59.83795782727239,0.7727508195620119
MTZ UN Equity,7659134369.0,97.90000153,109.87858496837126,1.1223552936789343
WTW UW Equity,27493437516.0,253.9400024,350.6464475990731,1.380823991041567
DHI UN Equity,33827679544.0,98.51000214,186.93136003236464,1.8975876151814755
FLS UN Equity,4488749677.0,34.34500122,45.18694692497109,1.3156775460720478
EXPD UW Equity,17183547279.0,107.9800034,70.66481066847876,0.6544249716932197
SEAS UN Equity,3964797395.0,62.06000137,126.30264873724077,2.0351699315027063
FAST UW Equity,28743221583.0,50.35499954,46.084057787875764,0.9151833623048379
FISV UW Equity,67503486417.0,106.3000031,134.19592054110063,1.262426308820123
BF/A UN Equity,31754261178.0,66.23999786,55.39427995543833,0.836266330692154
GILD UW Equity,105000000000.0,83.54499817,142.84003130337175,1.7097376794804202
HAS UW Equity,8117634221.0,58.77999878,116.62791731043833,1.9841429011754452
WELL UN Equity,35410758317.0,74.91999817,50.10810373947117,0.6688214757529961
PAYX UW Equity,41621268645.0,115.4850006,105.31528135032976,0.91193904665685
HAYW UN Equity,2853289940.0,13.50500011,232.84635089566774,17.241491965872168
QCOM UW Equity,148000000000.0,132.4199982,165.1174887081504,1.2469226019680644
ROP UN Equity,45002128206.0,424.2200012,205.6511571204452,0.48477477850812184
ROST UW Equity,40635779062.0,118.0,84.82581949775381,0.7188628770996086
SBUX UW Equity,125000000000.0,108.8000031,94.77454691667985,0.8710895608116013
GEN UW Equity,14955222271.0,22.95999908,58.29288433012205,2.538888792068804
TROW UW Equity,26059174068.0,116.1900024,136.3069745133862,1.1731385807543988
WM UN Equity,63389974929.0,154.4299927,133.15229127127006,0.8622178175578586
STZ UN Equity,42583276603.0,230.7100067,195.2726969057957,0.8463989044034633
XRAY UW Equity,7893713474.0,36.72000122,56.42130615881746,1.536527894451346
PBF UN Equity,5851047744.0,41.95999908,-50.28935178469585,-1.1985069801554402
INTU UW Equity,118000000000.0,420.1400146,347.61472002664465,0.8273782737823627
MCHP UW Equity,42466171996.0,77.22000122,119.4291535889912,1.5466090611516206
ORLY UW Equity,49503801664.0,791.0999756,673.7632612084922,0.8516790317146512
EQR UN Equity,23986514314.0,63.47000122,65.28648087741196,1.028619499330332
DELL UN Equity,29028260369.0,40.52999878,82.10070161615229,2.0256773769424794
BWA UN Equity,11070797525.0,47.29000092,82.67074411866142,1.748165415740098
URBN UW Equity,2533450545.0,27.48500061,27.51943152300295,1.0012527164722136
SPG UN Equity,41954712856.0,128.3200073,146.26227217104395,1.1398243753921915
AVB UN Equity,24705873040.0,176.6000061,113.56679105893318,0.6430735398424948
MCK UN Equity,53579501595.0,377.8699951,338.382420903657,0.8954995773456611
LMT UN Equity,118000000000.0,462.0,451.7302380243813,0.9777710779748513
ABC UN Equity,34078835443.0,168.5099945,110.56516603178736,0.6561341738800386
WAT UN Equity,19439346764.0,327.2200012,222.3852635936359,0.6796200194917543
DLTR UW Equity,33122375730.0,149.75,121.13263685471385,0.8088990774939155
DRI UN Equity,18009949182.0,147.9799957,193.81964045350514,1.3097691991182099
NTAP UW Equity,14206284555.0,65.91999817,167.95520267653933,2.5478641890038047
DVA UN Equity,7399012247.0,82.12000275,108.81245488558153,1.325042026810959
EL UN Equity,98779923300.0,276.7999878,152.0820473460258,0.5494293860154058
ANF UN Equity,1416640354.0,28.90999985,22.56887094345467,0.7806596700295269
NOV UN Equity,9588368989.0,24.40999985,40.99820423593222,1.67956593559472
DGX UN Equity,16914566937.0,148.5200043,127.04885676864349,0.8554326224769944
ROK UN Equity,32275676552.0,281.1900024,235.6606212011573,0.8380832148716439
AMT UN Equity,104000000000.0,223.0299988,79.86303089643337,0.3580820128508801
AMZN UW Equity,1050000000000.0,102.8199997,98.4978336952158,0.9579637617448448
RL UN Equity,8174651601.0,123.9400024,152.04279670875837,1.2267451489799097
APH UN Equity,47375476693.0,79.61000061,65.08734035966796,0.8175774382734045
PXD UN Equity,54699980601.0,230.1900024,342.64409417413253,1.488527262703276
WU UN Equity,5445008540.0,14.10000038,37.82747013235793,2.6827992278648383
CHRW UW Equity,11707971804.0,99.46499634,91.49227818287288,0.919843980792257
ACN UN Equity,183000000000.0,278.0400085,235.16073630770575,0.8457802083102215
YUM UN Equity,36661674041.0,130.1499939,131.9511038580879,1.0138387248751757
LAZR UW Equity,2419957625.0,6.675000191,26.205274300621465,3.9258836780191286
FE UN Equity,23407575018.0,40.93999863,49.35338265412703,1.2055052346279729
PWR UN Equity,21728121206.0,152.0500031,148.94306011041272,0.9795663076208955
AEE UN Equity,22411065726.0,86.73000336,78.69854756132727,0.9073970311596132
NVDA UW Equity,478000000000.0,194.4700012,123.64988553602026,0.6358301268731635
SEE UN Equity,7899747365.0,54.61000061,78.9620278806143,1.4459261490313011
CTSH UW Equity,34211749571.0,66.55000305,88.0722988442824,1.3234003727710182
RSG UN Equity,39301037278.0,124.3700027,101.13832769424106,0.8132051579849411
EBAY UW Equity,26785652866.0,49.36000061,75.11618688320539,1.5218027948724815
SRE UN Equity,50265049228.0,159.9100037,143.60415927080146,0.8980311171789527
MCO UN Equity,59285349316.0,323.6099854,215.606919257709,0.6662554586849562
BKNG UW Equity,93913767620.0,2421.120117,2742.073085350913,1.1325638352667131
SLM UW Equity,4378444525.0,17.51000023,-11.326890541926897,-0.6468812331892755
DVN UN Equity,41294227803.0,63.16999817,91.8062009804559,1.453319671363478
GOOGL UW Equity,1280000000000.0,98.62000275,142.59477021382682,1.4459010975217887
MKTX UW Equity,13662166749.0,363.0,186.47869894282502,0.5137154240849174
NFLX UW Equity,157000000000.0,352.6099854,292.2024395255583,0.8286845285849874
A UN Equity,44825305049.0,151.3999939,125.04906266168904,0.8259515700131679
ELV UN Equity,119000000000.0,498.3699951,539.6449148861466,1.0828198330396368
CME UW Equity,63355314210.0,176.1399994,142.40458073948363,0.8084738345893491
DTE UN Equity,22512804703.0,116.1999969,105.156630661543,0.9049624222627066
PM UN Equity,161000000000.0,104.1299973,152.47505033912466,1.464275946342742
CRM UN Equity,168000000000.0,167.5299988,142.1782357396969,0.8486732928914514
TPR UN Equity,10983016541.0,45.58499908,83.5659627285813,1.8331899619417804
FLR UN Equity,5201853226.0,36.61000061,27.552370344997623,0.7525913653623844
EW UN Equity,47105268928.0,76.19000244,68.23991931273505,0.8956545101370003
ZBH UN Equity,26676436647.0,127.1200027,84.59204805633837,0.6654503324388175
CBRE UN Equity,26959889326.0,85.31999969,103.48035972193513,1.2128499777065005
MA UN Equity,352000000000.0,368.3399963,303.3550111578908,0.8235733675547381
CR UN Equity,6512753532.0,116.0,126.01037334688606,1.0862963219559143
ICE UN Equity,60033130530.0,107.4700012,109.33629963730762,1.0173657617611307
FIS UN Equity,44473788416.0,74.93000031,100.94317590570675,1.347166361778796
CMG UN Equity,45571014175.0,1643.910034,972.3894457960723,0.5915101347912768
NRG UN Equity,7304299519.0,34.23500061,93.34946688805043,2.726726017956698
MOS UN Equity,16857215422.0,49.50999832,53.7424363688679,1.0854865318619527
EXPE UW Equity,17762360949.0,113.8099976,223.33350916893704,1.9623364720019731
CF UN Equity,16587819695.0,84.55000305,53.22718896360117,0.62953503303985
LDOS UN Equity,13472122404.0,98.55999756,125.96443307827526,1.2780482568660005
FSLR UW Equity,18846805076.0,176.7899933,413.4858572641634,2.3388532888425844
TRIP UW Equity,3256676232.0,23.16500092,48.96115061681017,2.113582934267812
V UN Equity,486000000000.0,229.6699982,222.25255199786176,0.9677038957623058
XYL UN Equity,18701541325.0,103.75,77.19686704378456,0.7440661883738271
BLMN UW Equity,2129434762.0,24.25499916,39.81012228182408,1.6413161682345767
SNOW UN Equity,50118142822.0,155.8200073,53.034097625670825,0.34035486549275
ETSY UW Equity,17300995930.0,137.6499939,95.86554507909247,0.6964442377580989
HL UN Equity,3740689759.0,6.170000076,18.188524996864967,2.947897045838702
HXL UN Equity,5929363846.0,70.41999817,67.93846935743359,0.9647610213426052
NHI UN Equity,2546919189.0,58.70000076,83.54203925997837,1.4232033761217002
NEXT UR Equity,856967283.3,5.929999828,6.03877424359224,1.018343072301391
WRK UN Equity,9966926995.0,39.15999985,43.258317329789506,1.1046557072392202
OPEN UW Equity,1366706221.0,2.154999971,5.34246215666831,2.4791008021170455
CPK UN Equity,2217451802.0,124.9899979,97.57489317046912,0.7806616114077807
VICI UN Equity,35383249353.0,34.20000076,66.38257101901203,1.9410108053755502
VRT UN Equity,5334959150.0,14.14000034,32.495198687244425,2.2981045195112366
ENR UN Equity,2639161444.0,36.95999908,41.5590329035347,1.1244327364180957
WBD UW Equity,35879550195.0,14.77499962,23.12285267406154,1.5649985291885606
ABBV UN Equity,261000000000.0,147.3200073,260.1626320551405,1.765969448571569
ADI UW Equity,87003026534.0,170.8300018,176.28679806366486,1.0319428449696644
SPLK UW Equity,15590787650.0,95.29499817,111.05197946190806,1.1653495104097558
CLOV UW Equity,632797522.8,1.325000048,21.66332201629643,16.349676401141103
ENPH UQ Equity,30059497118.0,221.1499939,159.40276588362667,0.7207902793599248
TER UW Equity,15697104204.0,100.7799988,129.3975883252848,1.2839610028382418
ACI UN Equity,11365246420.0,21.21500015,28.836052653523147,1.3592294343454503
BILL UN Equity,12127933653.0,114.7699966,24.524202517846774,0.21368130386305836
INFA UN Equity,5028260623.0,17.76000023,36.31094993474356,2.044535442820969
DINO UN Equity,11375399108.0,56.66999817,51.366981246406496,0.9064228499234218
AME UN Equity,33258551456.0,144.8200073,113.96121021918793,0.7869162026978295
TWNK UR Equity,3102155707.0,23.17499924,27.285500366910476,1.1773679077329056
FND UN Equity,9593033733.0,90.40000153,71.6045715366511,0.7920859549199069
NWL UW Equity,6576239842.0,15.90499973,31.574999034512302,1.9852247450816085
HEI UN Equity,20316632909.0,170.7400055,67.58740301668271,0.39584983506799004
BYND UW Equity,1044099033.0,16.37999916,2.237520909673451,0.13660079514152132
REYN UW Equity,6243414076.0,29.75,40.5635544933882,1.3634808233071665
ITT UN Equity,7541413202.0,91.19000244,91.95861981597079,1.0084287460840515
EDIT UW Equity,676283714.2,9.835000038,-23.94466097315781,-2.4346376086061596
IONS UW Equity,5657865143.0,39.83000183,-6.503198506628738,-0.16327386913978303
VTRS UW Equity,14764435212.0,12.17500019,52.28202771518889,4.294211654972376
CTVA UN Equity,46220351781.0,64.31999969,79.0768095655072,1.229428015339395
ASH UN Equity,5893334814.0,108.6100006,134.97148570938344,1.2427169226015402
TEX UN Equity,3441825113.0,50.99000168,85.94406643111054,1.6855082094421798
MDB UQ Equity,14757866880.0,213.0,34.18916258763369,0.16051250041142576
MGPI UW Equity,2146397893.0,97.58999634,94.44401779389003,0.9677633091085536
ALLE UN Equity,10298048778.0,117.2300034,83.90818344176586,0.7157568967686805
OTTR UW Equity,2665629806.0,64.02999878,58.28247186215665,0.9102369666194869
PTC UW Equity,15875187904.0,134.3600006,112.73895268600582,0.8390812160059324
LPX UN Equity,4866687288.0,67.87000275,95.33920024507246,1.404732523678474
TWOU UW Equity,678592871.8,8.579999924,39.60808113440395,4.616326513431791
LSTR UW Equity,6213993131.0,172.9700012,161.4827955855887,0.9335884515539258
SJW UN Equity,2352475695.0,77.58999634,56.29393907968476,0.7255308897425934
KDP UW Equity,49830804182.0,35.18500137,42.98384935438644,1.2216526269922507
HST UW Equity,13471123126.0,18.84000015,41.0552392538272,2.1791528092863204
IAC UW Equity,5001725543.0,56.29000092,28.603844884296823,0.5081514374986232
MTCH UW Equity,15099288474.0,54.06000137,79.01930512935374,1.4616963212510132
BERY UN Equity,7506604098.0,61.61999893,98.53459724694947,1.5990684673474964
DDOG UW Equity,23558175807.0,74.19000244,54.36753965418548,0.7328149058649024
FLO UN Equity,5813550262.0,27.53499985,35.16221518701994,1.2770007400969694
TKR UN Equity,5978068413.0,82.18000031,131.4749588535276,1.5998413039374153
APLS UW Equity,5835071666.0,52.77000046,70.53350682805906,1.3366213040214756
U UN Equity,14247436590.0,35.34999847,39.85152021727412,1.1273414976550666
FL UN Equity,4036108468.0,43.24000168,75.51088190057538,1.7463200501100302
AEP UW Equity,48138749512.0,93.68000031,88.84086064033481,0.9483439405032899
CWEN/A UN Equity,6667656928.0,31.86000061,34.769659315709156,1.0913263857501587
LECO UW Equity,9621526941.0,166.6699982,135.78391142267952,0.8146871835910269
IQV UN Equity,42590187841.0,229.2799988,194.69278190121878,0.849148564725214
CAL UN Equity,923702108.1,25.93499947,55.70749318789654,2.1479658502532653
COMM UW Equity,1740760278.0,8.354999542,51.046010220404526,6.109636507315146
BFAM UN Equity,4411523763.0,76.38999939,43.19511890251764,0.5654551544370374
IRT UN Equity,4230524541.0,18.87000084,28.570837707163108,1.5140877814165008
TTD UQ Equity,24747235175.0,50.56000137,50.97058956595364,1.008120810617645
SAGE UQ Equity,2625457221.0,44.13000107,-11.820078717472008,-0.26784678066793455
CMTG UN Equity,2317800412.0,16.75,42.832038488744786,2.5571366261937185
SILK UW Equity,2062811150.0,54.11000061,-47.299155920827175,-0.8741296504825002
FLNC UW Equity,4225062684.0,24.17000008,42.044203364925295,1.7395201996592335
GFS UW Equity,32181110419.0,59.04000092,77.23846125524996,1.3082394995201494
APG UN Equity,5188055557.0,22.17000008,37.49267257249825,1.691144449129756
S UN Equity,4231685080.0,14.96500015,24.632991965953963,1.6460402084228487
FA UW Equity,2099665948.0,13.81999969,28.82707485196701,2.0858954774670484
SUI UN Equity,19505278114.0,157.4400024,83.91992274987956,0.5330279564952519
FRPT UQ Equity,3047833902.0,63.45000076,49.022964824497905,0.7726235498393066
SYNH UW Equity,3730270870.0,36.25,62.70260566904139,1.729727052939073
CDRE UN Equity,851175750.3,22.79999924,34.9114651207426,1.5312046615990413
EPRT UN Equity,3627590234.0,25.37999916,33.21393850639788,1.308665863107849
KHC UW Equity,49523926904.0,40.43000031,45.542928241939705,1.1264637124099914
MTDR UN Equity,7819929430.0,66.18000031,130.70290202663182,1.9749607345783318
LYFT UW Equity,5861653517.0,16.23999977,57.201476350839854,3.5222584458718775
MNST UW Equity,54188291861.0,103.8600006,80.27496686971872,0.7729151396684926
WING UW Equity,4738156410.0,158.3800049,56.504945831342475,0.3567681783254098
GXO UN Equity,6194128455.0,52.20999908,38.35259967899641,0.7345834199351303
ASAN UN Equity,3287359403.0,15.46000004,25.397821774833982,1.6428086487142066
PLTR UN Equity,16173515896.0,7.769999981,25.305455558558833,3.2568153951658076
NOW UN Equity,92127487274.0,453.8599854,265.20492842098787,0.5843320340021935
BRX UN Equity,7058455704.0,23.52499962,39.34880362678261,1.6726378007390001
OKTA UW Equity,11796688722.0,73.65000153,59.287579042855135,0.8049908732005309
VSCO UN Equity,3394736604.0,42.0,50.39214828247141,1.1998130543445573
PK UN Equity,3302946940.0,14.68999958,30.071824090417675,2.047094959169337
FSLY UN Equity,1271820019.0,10.34000015,22.759394699866025,2.2011019699903995
LNG UA Equity,37821097170.0,152.1000061,248.09940739065658,1.6311597464864045
CPE UN Equity,2617129944.0,42.45999908,130.15640033626298,3.065388675374954
AMH UN Equity,12133751534.0,34.35499954,37.08878640748901,1.0795746442757486
SBGI UW Equity,1426981444.0,20.5,23.643487023644823,1.1533408304216988
SIX UN Equity,2234415332.0,26.86000061,43.87339087825468,1.6334098988039703
POR UN Equity,4779059905.0,47.36999893,52.01791670428644,1.0981194401366738
WH UN Equity,6845128678.0,77.5,70.91616459944055,0.9150472851540716
BKR UW Equity,31978505056.0,31.70499992,48.57430803089337,1.5320709084831745
DECK UN Equity,11279883852.0,426.1900024,429.7399053457594,1.00832939047319
PEGA UW Equity,3172160086.0,38.59500122,55.12089012667113,1.4281872881016358
WDAY UW Equity,46371794373.0,180.4299927,134.5104419892796,0.7454993483978541
DOW UN Equity,41711812196.0,59.27000046,106.748887399965,1.801061018584055
NOVA UN Equity,2247637563.0,19.55999947,0.8248921623891761,0.04217240208285016
NSA UN Equity,5100796320.0,40.90999985,38.82664408199783,0.9490746571586172
RKT UN Equity,18435505090.0,9.350000381,-11.064894405444942,-1.183411118135327
FTV UN Equity,24023580919.0,67.88999939,74.50344895545959,1.0974141939148954
ALK UN Equity,6524593274.0,51.15999985,126.30550423529334,2.468833162736871
HOLX UW Equity,19965702913.0,80.98000336,69.88545246785584,0.8629964135365262
GPK UN Equity,7378511707.0,24.02499962,48.99339923244898,2.039267430067455
DD UN Equity,36687863052.0,73.84999847,87.43794625794847,1.1839938804259864
PAG UN Equity,9099747251.0,127.6200027,196.0364292955323,1.53609485306438
LUNG UW Equity,329949123.8,8.789999962,-5.6007045945756815,-0.6371677609542726
EEFT UW Equity,5581294963.0,112.5400009,235.43460738918438,2.0920082237993336
COLM UW Equity,5955454290.0,95.87999725,114.64075690550222,1.1956691718146895
GLPI UW Equity,13784880681.0,53.52999878,76.68420310193481,1.4325463263523506
SAH UN Equity,1959838645.0,53.54999924,112.87660002234924,2.107873046206027
CHH UN Equity,6544076079.0,122.7799988,104.7612670598575,0.8532437537363577
WCC UN Equity,7592993193.0,149.3399963,78.2168108674809,0.5237499183430803
ZS UW Equity,17811652465.0,123.5599976,65.44368758501392,0.5296510914226007
CSGP UW Equity,31542880061.0,77.55999756,37.62565563250513,0.4851167717404597
TSP UW Equity,468306040.7,2.079999924,-8.135969253917814,-3.911523822689243
APP UW Equity,4700015807.0,12.64500046,46.963259965502104,3.713978509851482
ATUS UN Equity,2211961798.0,4.869999886,-15.338489122711344,-3.1495871625799348
CRWD UW Equity,24980700298.0,105.4899979,95.35236548748384,0.9038995865548675
SSRM UW Equity,3496839599.0,16.92499924,26.045451132607973,1.5388745821065086
NRDS UQ Equity,866807824.9,11.68000031,23.59522074301527,2.0201387086277625
VEEV UN Equity,26429189694.0,169.7200012,108.76008425748692,0.6408206663239577
PLUG UR Equity,9894802769.0,16.97500038,26.55999715007264,1.564653699882429
BRKR UW Equity,10267109594.0,69.80500031,56.992473808233655,0.8164525973086936
H UN Equity,11656136510.0,108.8000031,92.67366982037902,0.851780029226663
QDEL UW Equity,5651501264.0,85.56999969,67.65846901517348,0.7906797856758702
APPN UQ Equity,2999117754.0,41.29999924,17.384273957374333,0.4209267379486357
FCFS UW Equity,4248756258.0,91.73000336,65.65752206657285,0.7157693193239719
LTHM UN Equity,4645780082.0,25.89999962,54.45940250022075,2.1026796640632828
EXAS UR Equity,11956359147.0,67.29000092,23.060843361559055,0.34270832287512853
CCOI UW Equity,3276685367.0,68.33999634,53.187947762847976,0.778284322671475
CANO UN Equity,677442811.1,1.370000005,37.455241199257216,27.339592016466607
PYPL UW Equity,92353649005.0,81.01000214,117.12823235202221,1.445849021823297
NTLA UQ Equity,3553258425.0,42.24000168,-64.62802424948808,-1.5300194526291524
XHR UN Equity,1695193468.0,14.88000011,11.389885177280087,0.7654492670081094
DASH UN Equity,22400141680.0,57.70000076,60.436976764613775,1.0474345921761437
AWI UN Equity,3537040679.0,77.45999908,146.78784072479647,1.895014749137749
DXCM UW Equity,41233054844.0,106.7399979,41.99112634676413,0.3933963572502949
SBRA UW Equity,3121648909.0,13.51500034,38.76134041362741,2.86802363584901
PODD UW Equity,19928999219.0,286.9599915,63.35251530830633,0.2207712475078824
WLK UN Equity,15539180595.0,121.8399963,177.1430541991529,1.4538990444729103
ALNY UW Equity,27869585698.0,226.5299988,126.1721675464337,0.5569777434106167
TPX UN Equity,6955642353.0,40.65999985,63.47908924474611,1.5612171539333175
ARMK UN Equity,11482292248.0,44.44499969,51.610403021153935,1.1612195608309595
HLT UN Equity,39186372138.0,144.8899994,125.8352442411272,0.8684881272842851
NETI UN Equity,404456082.5,10.52000046,57.620031775916935,5.477189092814634
HON UW Equity,140000000000.0,207.8399963,186.3736187037115,0.8967168111122195
TDOC UN Equity,4726651756.0,29.18000031,-75.84400033014518,-2.5991775025496966
BHG UN Equity,551002912.1,0.874499977,26.720666383317422,30.55536545007527
CFLT UW Equity,6572920656.0,22.95000076,29.929351501893073,1.304111133366824
CDAY UN Equity,11092621482.0,72.22000122,39.164539243738716,0.5422949125192318
ETRN UN Equity,3139826205.0,7.25,36.12584930814379,4.9828757666405235
ASO UW Equity,4558191752.0,58.33000183,135.3029470492222,2.3196115687353513
REG UW Equity,11390686314.0,66.5,64.51909558636238,0.9702119637046975
WBA UW Equity,31619380158.0,36.65999985,84.52390708263138,2.3056166783544434
DPZ UN Equity,12468369315.0,352.2200012,297.59482982304587,0.8449117847060125
MAR UW Equity,55033577309.0,173.8600006,151.43225375739286,0.871001111439044
EAT UN Equity,1736827553.0,39.44499969,47.58549678917963,1.2063758946167107
CDNS UW Equity,50084615782.0,182.5800018,-116.66689428096663,-0.638990541848963
UHS UN Equity,10522185000.0,148.0099945,158.65123187828394,1.0718953974306373
AGCO UN Equity,10260965719.0,137.5200043,167.45941354280524,1.217709484487016
SWKS UW Equity,17452751340.0,108.9700012,184.577077432385,1.6938338570228906
ATVI UW Equity,59886486783.0,76.51999664,110.21714100244105,1.4403704370371893
JKHY UW Equity,13095152317.0,179.5099945,121.65478835437037,0.6777048191284434
RGLD UW Equity,8345941249.0,127.1399994,76.18810048463973,0.5992457200266412
PTEN UW Equity,3643689239.0,16.80500031,58.69230990435294,3.4925503613009417
ABNB UW Equity,71040490316.0,110.5899963,99.08157783259385,0.8959361709698679
ANSS UW Equity,23112618828.0,265.3900146,156.75254132806538,0.5906497332400591
FDS UN Equity,16107462112.0,421.0899963,294.8905540823713,0.7003029202153747
AMG UN Equity,6482395087.0,172.0899963,323.0995933262721,1.8775036334071449
TTWO UW Equity,18946779581.0,112.9000015,224.7881106699174,1.9910372691174623
JLL UN Equity,8738807052.0,184.1199951,263.7285464990625,1.4323731996398605
SBAC UW Equity,32026358419.0,296.6350098,94.13910069581576,0.3173566760015519
ON UW Equity,31497731474.0,72.83999634,101.293211806817,1.390626261621487
ORA UN Equity,5170445066.0,92.25,51.15995833971926,0.5545794941974987
CRL UN Equity,12341635959.0,242.5200043,208.23920205715433,0.8586475274821456
BWXT UN Equity,5564559568.0,61.0,69.46198831976716,1.1387211199961829
MRVL UW Equity,36499894958.0,42.77999878,61.054229484343665,1.4271676303293168
CE UN Equity,13333400023.0,122.9700012,259.7534654982959,2.1123319749816827
KBR UN Equity,7025818249.0,51.20000076,74.42690517755065,1.453650470171412
HII UN Equity,8774787323.0,219.8999939,356.7867962540245,1.622495707827414
JHG UN Equity,4270660905.0,25.78000069,45.59077433201864,1.7684551245843523
LYV UN Equity,18507331946.0,80.16000366,35.1707016950862,0.4387562386382032
ATR UN Equity,7569028047.0,115.9400024,69.71097758255334,0.6012676913878806
MTD UN Equity,34013799471.0,1525.680054,772.4842712427326,0.5063212756943682
ARVN UW Equity,1745330462.0,32.79000092,-114.66556708316104,-3.4969674860003344
BMRN UW Equity,21357756972.0,114.9199982,221.6636499443639,1.9288518396823635
BEAM UW Equity,3052010798.0,43.31000137,-200.76396685554985,-4.635510517314718
SDGR UW Equity,1718603795.0,24.125,45.81808651452933,1.8991952959390395
ACMR UQ Equity,742659470.6,12.52000046,183.77572869239668,14.678572039956354
DSEY UW Equity,1963733100.0,6.054999828,25.03450671070387,4.134518153896118
GTES UN Equity,3733967831.0,13.22000027,28.26327927799473,2.137918207318972
FOXA UW Equity,17822745535.0,33.83499908,69.49409084017435,2.0539114150959907
PARA UW Equity,15029449381.0,22.93499947,35.27997653560163,1.5382593133149798
CHD UN Equity,19670421762.0,80.66000366,63.54996134485614,0.7878745160083735
PARAA UW Equity,15029449381.0,26.38999939,35.228316244000005,1.334911597510272
FRT UN Equity,9062165464.0,111.5899963,88.59049729971471,0.7938928240623547
MGM UN Equity,15888839747.0,41.375,48.30833556771559,1.1675730650807392
TOL UN Equity,6552422282.0,59.27000046,130.49678410848492,2.201734150424957
JBHT UW Equity,19499721256.0,188.3350067,180.89712822641167,0.9605071908620993
LRCX UW Equity,66945902030.0,496.1300049,208.34534224590436,0.4199410239013834
PNR UN Equity,9119788520.0,55.43999863,76.60272013314855,1.381722980268922
RBLX UN Equity,22248219116.0,37.02999878,23.400285309192846,0.6319277904440926
CUBE UN Equity,10272046515.0,45.74000168,47.81648929674917,1.0453976287818354
SIRI UW Equity,22345390602.0,5.75,24.42389850990102,4.247634523461047
SCCO UN Equity,58137002509.0,75.16999817,66.95287922331397,0.8906861893477411
HIMS UN Equity,1714882926.0,8.25,21.67164796765936,2.626866420322347
DISH UW Equity,7591752310.0,14.30000019,-48.12677867052612,-3.365508953222337
DKNG UW Equity,6716340581.0,14.96500015,19.880883859240136,1.3284920588016256
META UW Equity,390000000000.0,148.6600037,243.4129883043883,1.6373804806005685
CCI UN Equity,63949771057.0,147.6999969,78.2351225209265,0.5296893985305594
AAP UN Equity,8971605357.0,151.4100037,200.32311786069965,1.323050742787213
BFH UN Equity,2037494836.0,40.90000153,213.44533219929474,5.218712083488148
DOC UN Equity,3613369396.0,15.82999992,24.936355898241583,1.5752593824549799
KRTX UQ Equity,6863964706.0,199.75,-30.762586281211995,-0.15400543820381474
DLR UN Equity,33653792920.0,114.5999985,42.33050924536779,0.36937617626031466
LYB UN Equity,31448808335.0,96.58000183,208.94135048917553,2.163401807104475
AVGO UW Equity,243000000000.0,581.960022,845.766540768464,1.4533069434251689
LULU UW Equity,39052525660.0,305.8900146,250.48374305020948,0.8188686491703789
AWK UN Equity,28372420238.0,156.0399933,101.7106463153497,0.651824216114919
DG UN Equity,52097400618.0,233.0200043,183.25924332759763,0.7864528364339989
HCA UN Equity,71894857673.0,254.2400055,317.73614077400225,1.249748796021019
AEO UN Equity,3019114576.0,16.11000061,25.016845529971633,1.5528767587037127
NXST UW Equity,7690636835.0,203.9499969,388.39704483409554,1.9043738697605028
EXC UW Equity,41733137638.0,42.08000183,41.60019069368188,0.9885976445947764
DBI UN Equity,653505177.7,10.27499962,44.34035944785961,4.3153636095083
WTRG UN Equity,12220131068.0,46.59000015,40.7643514507578,0.8749592470382895
UDR UN Equity,13838780521.0,42.49000168,33.42779770419958,0.7867214964110959
HUN UN Equity,6087631832.0,31.69000053,82.0008056190013,2.5875924344454817
WSM UN Equity,8941338491.0,134.3200073,262.4373434338445,1.9538216882887596
OSK UN Equity,6587117492.0,100.7300034,162.1066016037039,1.6093179403556328
AGR UN Equity,16261415687.0,42.06000137,48.029706691442364,1.1419330748215417
J UN Equity,15654216233.0,123.6399994,118.56904205298945,0.9589861099027913
BOX UN Equity,4573273888.0,32.0,53.25281670304209,1.6641505219700654
HBI UN Equity,2934658430.0,8.409999847,28.576607870865416,3.3979320321937
BR UN Equity,17589470789.0,149.5,129.1970698031783,0.8641944468440019
TW UW Equity,17401119813.0,74.25,49.000537478731175,0.6599398987034502
PINS UN Equity,17813734148.0,26.26499939,39.65394754849055,1.5097638861392164
DT UN Equity,11016134174.0,38.27500153,44.652891983903416,1.1666333167590972
OVV UN Equity,12192149280.0,49.11000061,83.81429996928352,1.706664608597396
ZM UW Equity,21801392374.0,74.58000183,94.00066292792627,1.2604003837676798
CNM UN Equity,5424515396.0,22.05999947,50.87586226788404,2.306249478250057
XPOF UN Equity,1355976773.0,27.53000069,46.585000761513285,1.6921539990529249
ULTA UW Equity,26163147722.0,513.8800049,365.6385768399082,0.7115252069616149
BL UW Equity,4288392741.0,71.73999786,28.462563577536788,0.3967460890238837
PATH UN Equity,8469435111.0,15.31999969,22.426069000452497,1.4638426536712612
EYE UW Equity,3248036800.0,41.15999985,19.43529343427443,0.4721888606681915
DTC UN Equity,420135990.4,4.385000229,28.64344550243885,6.532142304806902
CARG UW Equity,2106345453.0,17.70999908,102.52767563487004,5.789253583341804
AMC UN Equity,4440628774.0,5.315000057,4.292472314301934,0.8076147259205823
PTON UW Equity,4400297595.0,12.93999958,8.677789359335765,0.6706174374803006
TDG UN Equity,38984641511.0,714.8499756,724.703782895597,1.013784440976341
CBOE UF Equity,12991353173.0,122.4700012,96.49875021582203,0.7879378563754111
SEAT UW Equity,1701703949.0,8.529999733,24.528386212137093,2.875543608429922
FSR UN Equity,2314375682.0,7.429999828,49.28720138821765,6.633540044305053
MQ UW Equity,3619481291.0,6.644999981,13.68489509716078,2.0594274095244396
RH UN Equity,7185194871.0,311.5299988,-2.01045489439187,-0.006453487311450117
XRX UW Equity,2518643597.0,16.26499939,52.14859979221205,3.2061851674137722
TEAM UW Equity,40924082214.0,160.1900024,89.18915067410005,0.5567710177779487
FIVE UW Equity,10864861635.0,195.7149963,139.2996936896419,0.7117476755645112
SQSP UN Equity,3246967413.0,23.73999977,37.329304608779495,1.572422281821256
FTNT UW Equity,40788331419.0,52.22000122,53.27573228717852,1.0202169866433128
FATE UQ Equity,580593387.7,5.974999905,-6.837885000234937,-1.1444159178166444
DOX UW Equity,11066800559.0,91.58999634,131.88590034817668,1.439959663919959
NCLH UN Equity,6396792927.0,15.17500019,82.00564681458495,5.403996427533814
SPR UN Equity,3797549107.0,36.08000183,101.42911419688451,2.8112280779472596
RCUS UN Equity,1567626807.0,21.64999962,-75.43721648754784,-3.4843980513449933
PEN UN Equity,9492347382.0,249.9400024,64.28701129280773,0.25720977304754855
OC UN Equity,8990496160.0,96.19999695,199.49434135284787,2.073745817856264
HWM UN Equity,16809120505.0,40.63000107,70.7968365822725,1.7424768574408631
CSX UW Equity,64953918645.0,30.89500046,48.580851209294615,1.5724502503954525
AGTI UN Equity,2458748974.0,18.44000053,20.547669841704895,1.1142987663300732
BURL UN Equity,14927496039.0,228.9799957,64.10338168682607,0.27995188614996586
CHGG UN Equity,2612437660.0,20.81999969,57.81023411269578,2.7766683464679622
COUP UW Equity,6030084042.0,79.82499695,53.900869735192735,0.6752379805157354
TSLA UW Equity,548000000000.0,173.2100067,129.36558586328442,0.7468713172406131
CVI UN Equity,3324546878.0,33.06999969,-7.900684213016621,-0.2389079010304829
SSNC UW Equity,15172588332.0,60.22999954,103.93060124088383,1.7255620460674477
WT UN Equity,844679167.5,5.764999866,18.156458976555864,3.1494292105081314
TMUS UW Equity,186000000000.0,149.1849976,130.18180489162899,0.8726199482918313
SQ UN Equity,48826524076.0,81.63999939,145.17041526307003,1.7781775642792546
ST UN Equity,7781153987.0,50.86999893,69.72395225921807,1.3706301105915526
ATO UN Equity,16604630939.0,117.75,111.5428391219136,0.947285257935572
B UN Equity,2246267736.0,44.41999817,47.21343969187925,1.0628870246952389
PLTK UW Equity,3780972837.0,10.47000027,30.444332981286156,2.907768118069605
CW UN Equity,6323830894.0,165.0800018,111.6657730318203,0.6764342852813096
DCI UN Equity,7602998706.0,62.47999954,66.90717484866401,1.0708574798536885
GNRC UN Equity,7602768240.0,120.0,212.72297037636025,1.7726914198030022
LEA UN Equity,8602831031.0,145.5500031,398.33227317191574,2.7367383351977117
JACK UW Equity,1559251807.0,75.69999695,62.14285672933684,0.8209096331982989
HAE UN Equity,4263754499.0,84.25,100.22420696920172,1.1896048304949758
CHTR UW Equity,68998735288.0,382.7000122,322.6818843956827,0.8431718685889362
HUBB UN Equity,12218612861.0,227.5099945,209.98835159201272,0.9229851728206724
IDA UN Equity,5329729221.0,105.4100037,99.87314857082806,0.9474731530706517
IEX UN Equity,18072029447.0,239.6150055,137.91588801846387,0.575572834976163
SR UN Equity,3792348837.0,72.18000031,38.46726205341541,0.5329351882544403
ALE UN Equity,3528602703.0,61.72999954,76.87104224445439,1.2452785163985503
HPP UN Equity,1607230427.0,11.40499973,19.226931104173616,1.6858335431257057
NJR UN Equity,4781018467.0,49.58000183,59.0877980949613,1.1917667590566383
OGE UN Equity,7881978983.0,39.36999893,64.78283054585629,1.6454872315602647
OLN UN Equity,8555840758.0,64.66999817,170.94340248377898,2.6433184988565306
OMI UN Equity,1497244630.0,19.63999939,48.71671930449578,2.4804847666798113
PVH UN Equity,5683779944.0,89.69000244,216.64311932446697,2.4154656419972214
SWX UN Equity,4463522529.0,66.75,36.241479196276764,0.5429435085584534
BAH UN Equity,12480228416.0,94.33999634,102.27775736359638,1.0841399335546802
QRVO UW Equity,10919645933.0,107.6800003,212.9487560345105,1.9776073127900102
ZG UW Equity,10440659085.0,42.97999954,105.30157343288252,2.4500133680755853
TTC UN Equity,11585504524.0,111.3899994,112.87159786464355,1.0133010007417556
AVA UN Equity,2926684264.0,39.66999817,48.72761756641985,1.2283241697568208
WST UN Equity,19576542210.0,264.4299927,153.51657179217347,0.5805565784148413
FOUR UN Equity,5276752541.0,63.95000076,14.262476619060108,0.22302543314403092
CASY UW Equity,8753167794.0,234.9299927,113.99394245422246,0.48522515641410674
WEN UW Equity,4739850350.0,22.25,35.74212084104633,1.606387453530172
ANET UN Equity,38361586492.0,125.5400009,103.2718790286851,0.8226213022807547
ODFL UW Equity,36741767943.0,332.5599976,233.95158787495473,0.7034868582009959
PDCE UW Equity,6227136494.0,67.58000183,335.5140096722077,4.964693705043182
RPM UN Equity,11567758474.0,89.61000061,91.3257900974692,1.01914729913837
LEN/B UN Equity,29058502127.0,86.18000031,167.57751467675666,1.9445058490828482
AWR UN Equity,3503893148.0,94.80000305,71.328866028149,0.7524141744017485
HEI/A UN Equity,20314179673.0,133.8899994,67.75924537178733,0.5060814525015774
PTCT UW Equity,3291478861.0,45.79000092,51.93703858736766,1.13424410447397
VST UN Equity,9164869678.0,23.02000046,50.67244865827454,2.2012357795702036
WTS UN Equity,5443772748.0,163.0399933,89.96848734433846,0.5518185171830381
WERN UW Equity,2956591962.0,46.77999878,69.04913252101699,1.4760396392001998
WSO UN Equity,11055393362.0,287.1000061,249.18501856692097,0.8679380469261544
PRMW UN Equity,2509192949.0,15.60499954,26.393412941853626,1.6913433976207362
LTC UN Equity,1541612401.0,38.06000137,57.55706961204035,1.5122718744148156
SM UN Equity,4039990101.0,32.90000153,101.26860711788524,3.078073021532934
UBER UN Equity,61607241515.0,30.88999939,43.39005026791153,1.4046633578749168
MAA UN Equity,19246554379.0,166.6699982,137.01399026329523,0.8220675091079183
SHOO UW Equity,2776546216.0,35.65000153,53.29167108258258,1.494857469718111
TSCO UW Equity,25028762254.0,226.5800018,217.1258387747541,0.958274503706682
ALB UN Equity,32896503125.0,280.7999878,568.5888464476322,2.0248891422766375
DAR UN Equity,10611570439.0,66.20999908,119.39417138860118,1.8032649606948337
ESS UN Equity,14555361782.0,224.7799988,165.00516348498098,0.7340740473612859
O UN Equity,42633921576.0,67.95999908,55.459761858694065,0.8160647823642387
NATI UW Equity,7050701106.0,54.0,70.23350287066609,1.3006204235308534
LSI UN Equity,9190785497.0,108.1299973,107.08662707241515,0.9903507791210788
POOL UW Equity,14975131420.0,383.480011,406.96593639718157,1.061244197151078
AEIS UW Equity,3454573794.0,92.41000366,-230.80067997468274,-2.4975724578894876
VMW UN Equity,52025410009.0,122.2900009,294.6845072617484,2.409718743094297
LAD UN Equity,7240261563.0,262.9299927,508.34275466067743,1.9333768256734805
OLLI UQ Equity,3389536591.0,54.45999908,60.499103617190286,1.1108906470659141
KRC UN Equity,4775612801.0,40.84999847,53.806090404344914,1.3171626051310574
BJ UN Equity,9711531305.0,72.23999786,71.36018239831753,0.987820937323565
AMD UW Equity,121000000000.0,74.74500275,89.85971930567918,1.2022170847492435
URI UN Equity,30513364361.0,439.9299927,609.1322343603755,1.3846117438411594
INGR UN Equity,6722042265.0,102.5400009,133.14148118501265,1.2984345622822464
DHT UN Equity,1392312650.0,8.56000042,49.59804483095985,5.794163831473252
CNC UN Equity,43171637785.0,76.23999786,135.87594480366613,1.7822133869045484
ACM UN Equity,12088762839.0,86.98000336,81.19051405823255,0.9334388471128768
DKS UN Equity,10864347354.0,130.1900024,150.99774180984554,1.1598259392139434
GPN UN Equity,30428240629.0,112.5299988,185.92292649306728,1.6522076644069712
APTV UN Equity,30595625965.0,112.9199982,110.75431406307634,0.9808210753502858
CPRI UN Equity,8708241712.0,66.43000031,124.55539128941516,1.8749870647022304
LKQ UW Equity,15712561235.0,58.81000137,82.27775118612139,1.3990435175893856
NUVA UW Equity,2373137929.0,45.52000046,51.38975273632482,1.1289488624123099
CMP UN Equity,1903892832.0,46.40999985,69.91985531837904,1.5065687469158446
WW UW Equity,350870410.3,4.974999905,18.71144435661808,3.7610944148587038
EQIX UW Equity,68393997901.0,739.0900269,130.66294718454645,0.1767889464462025
BGS UN Equity,1000845642.0,13.96500015,18.178651591476275,1.301729423287996
TXRH UW Equity,6690137030.0,99.98000336,127.55910431789529,1.2758461695444305
EXR UN Equity,21111389592.0,157.6399994,156.13625767911353,0.990460912670579
MPWR UW Equity,19846608581.0,422.7900085,238.68511944308372,0.5645476824059897
W UN Equity,6403751415.0,59.77999878,39.783156933881926,0.6654927692503029
ALGT UW Equity,1579517121.0,85.84999847,294.36658691731077,3.4288478993995115
RENT UW Equity,277972420.6,4.28000021,-3.992108049449431,-0.9327354798072385
JBT UN Equity,3536919239.0,111.0199966,113.49562644613869,1.0222989544402372
FBIN UN Equity,8225297015.0,64.25,64.61644468740572,1.005703419259233
VNT UN Equity,3618049601.0,22.89999962,54.49078077355526,2.3795101169331487
PAYC UN Equity,19377576498.0,322.8500061,191.09348009712056,0.5918955443288145
ROKU UW Equity,7985039446.0,57.43999863,-2.455259853194825,-0.04274477562247855
CI UN Equity,96570717325.0,315.7900085,434.57082622168554,1.3761386190965745
ALSN UN Equity,4162070070.0,45.0,170.51837788651397,3.789297286366977
PTRA UW Equity,1153681835.0,5.114999771,14.920119522015387,2.9169345434982206
LNT UW Equity,13545137717.0,53.95999908,59.75399125758798,1.1073756908149297
YETI UN Equity,3854427828.0,44.68999863,67.42324681547632,1.5086876008587677
CARR UN Equity,38016447706.0,45.45000076,44.99186119100434,0.9899199216427986
OTIS UN Equity,34130897416.0,81.94000244,81.00748399917886,0.988619497033772
ACAD UW Equity,3070211498.0,18.96999931,37.394685081180846,1.9712538978042191
KEYS UN Equity,31932510575.0,179.0500031,151.5843281289549,0.8466033259116704
BOOT UN Equity,2481806696.0,83.23999786,84.94778848811899,1.0205164665067783
TRU UN Equity,13747217294.0,71.33999634,108.71271055623022,1.5238676217211342
DK UN Equity,1862875575.0,26.72999954,-83.80297114343134,-3.135165454007012
SPB UN Equity,2761310647.0,67.69999695,42.69129553914766,0.630595235782321
AON UN Equity,66037799818.0,319.25,289.1937852473307,0.9058536734450453
BRBR UN Equity,3802903912.0,28.29000092,35.55587811952274,1.2568355236208575
SPOT UN Equity,21667270386.0,112.1699982,66.99855265439096,0.5972947644603864
PECO UW Equity,4416538507.0,33.51499939,27.86735466087597,0.8314890397757507
NET UN Equity,17290273071.0,52.61999893,23.726929686582594,0.4509108736042803
LIN UN Equity,163000000000.0,330.7600098,260.75501587042913,0.7883510948862874
LZ UW Equity,1627886329.0,8.449999809,27.72289347252093,3.280815869722694
SMAR UN Equity,5659007867.0,43.09000015,37.19110175270485,0.8631028457470277
DOCU UW Equity,12105669449.0,60.20500183,80.18363717856003,1.3318434472433607
XMTR UW Equity,1643087472.0,34.65999985,27.976286564558634,0.8071634935266347
GWRE UN Equity,5980237504.0,73.04000092,51.525912256270715,0.7054478588069372
IR UN Equity,22673816547.0,55.99499893,57.461102744193596,1.0261827635004759
MSM UN Equity,4636170802.0,82.80999756,115.98272934200321,1.4005884888230784
WISH UW Equity,514651199.2,0.694000006,16.988773694370224,24.479500788895127
FANG UW Equity,26593178938.0,146.2100067,345.9620285993708,2.3661993895481492
DBX UW Equity,8410042730.0,23.18000031,52.936697659781586,2.2837229056008406
VLDR UW Equity,277598366.0,1.164999962,16.153129987482878,13.865348081000947
ESMT UN Equity,3250066281.0,19.63999939,21.983944387864575,1.1193454720298022
